Feature,Importance
Volume_Change,0.05772245418701605
Daily_Return,0.05493493926473732
Return_5D,0.05325651200591234
Volatility,0.05259079650634881
Prev_Volume,0.0525472131809456
Price_Change,0.052518547450445194
Volume,0.05159373197923041
Return_10D,0.0513025931672273
RSI,0.050594884989079436
MACD_Signal,0.04537196440220589
ATR,0.04506358870513437
MACD,0.044998423713807245
BB_Lower,0.03242581631218573
SMA50,0.03128348258856921
BB_Upper,0.03021001060791809
EMA50,0.02860818314632913
Prev_Open,0.027670569907318435
SMA20,0.02766630743984904
EMA20,0.027510853838300552
Low,0.02700293904377331
High,0.02657446790920875
Prev_High,0.026394560043635117
Prev_Low,0.026209710887506277
Close,0.025918235957054007
Prev_Close,0.02531345303468866
Open,0.02471575973157369
